"mark","p.unadj","p.FWER","p.FDR"
"cysteine.count.gp160.tier2",0.461979425912974,0.829,0.665519399249061
"hdist.zspace.96ZM651.V2.linear.epitope.tier2",0.475111453631531,0.829,0.665519399249061
"hdist.zspace.96ZM651.CD4.binding.site.tier2",0.58714830179389,0.829,0.665519399249061
"hdist.zspace.96ZM651.V5.tier2",0.895735556631951,0.829,0.759232954545454
"hdist.zspace.96ZM651.V3.tier2",1,1,1
"hdist.zspace.96ZM651.tier2",1,1,1
